,name,results
0,MAE,0.004693369567394257
1,MSE,0.0010952663918336232
2,RMSE,0.006042349835236867
