,1-month,3-month,6-month,12-month
return_without_model,0.05645667002,-2.28847381,-2.233169475,6.760229354
return_with_model,2.440075341,3.325885992,31.26087645,38.97563818