,1-day,1-week,1-month,3-month,6-month,12-month
return_without_ratio,-0.4839076547330177,1.5999515151496115,4.418953566645491,0.7784749193466136,1.6005791547966266,29.91357656776566
return_with_ratio,-0.434420815824359,1.6905899481350914,4.868817263409741,1.3376492945784861,1.8044745049880295,31.157670421026424
